product_supplier_id,product_id,supplier_id,supply_price,contract_date
1,1,2,42.41,2024-09-29
2,2,40,295.2,2023-06-14
3,3,23,49.86,2025-02-19
4,4,15,234.8,2025-09-01
5,5,49,56.75,2024-09-06
6,6,38,117.1,2023-04-22
7,7,34,159.41,2023-06-19
8,8,14,42.87,2024-08-24
9,9,7,258.73,2025-10-06
10,10,33,89.26,2025-01-05
11,11,5,70.46,2023-09-24
12,12,13,137.31,2023-09-06
13,13,46,118.62,2026-02-15
14,14,43,170.92,2024-03-27
15,15,48,201.64,2024-05-01
16,16,39,282.85,2024-01-26
17,17,28,273.81,2024-05-27
18,18,45,283.91,2025-10-24
19,19,16,97.78,2025-07-01
20,20,37,211.0,2025-06-30
21,21,46,270.4,2023-04-20
22,22,10,48.06,2024-04-11
23,23,15,274.26,2025-09-04
24,24,48,129.21,2023-07-23
25,25,41,97.49,2023-05-02
26,26,29,62.34,2025-04-07
27,27,20,54.45,2024-11-25
28,28,39,299.18,2025-03-27
29,29,15,126.47,2024-07-13
30,30,33,283.91,2025-09-17
31,31,5,229.35,2024-03-17
32,32,35,206.61,2023-12-21
33,33,44,121.64,2025-02-18
34,34,16,96.8,2024-07-28
35,35,13,298.1,2024-04-18
36,36,41,243.31,2023-03-22
37,37,16,46.7,2025-03-06
38,38,36,168.44,2025-08-20
39,39,3,294.7,2024-04-21
40,40,35,161.58,2024-05-27
41,41,10,36.54,2023-12-24
42,42,38,81.57,2025-07-14
43,43,5,291.96,2025-04-10
44,44,25,110.13,2025-02-22
45,45,14,126.13,2025-06-21
46,46,9,139.99,2024-09-21
47,47,28,160.69,2025-05-21
48,48,21,37.84,2023-03-26
49,49,45,117.63,2023-12-02
50,50,30,209.01,2025-04-12
51,51,39,80.46,2023-09-03
52,52,23,33.23,2025-05-22
53,53,36,189.24,2025-01-13
54,54,11,93.7,2024-06-21
55,55,25,205.56,2024-10-20
56,56,29,174.17,2023-08-15
57,57,39,261.75,2026-02-27
58,58,15,153.84,2023-08-10
59,59,42,203.23,2025-07-19
60,60,32,209.3,2023-11-28
61,61,7,107.58,2024-07-08
62,62,18,278.07,2025-05-12
63,63,11,151.02,2024-03-10
64,64,25,259.13,2023-07-11
65,65,17,54.62,2023-06-23
66,66,25,89.43,2024-12-15
67,67,47,87.92,2024-04-27
68,68,23,164.75,2026-01-26
69,69,13,61.01,2025-05-30
70,70,5,96.75,2025-01-20
71,71,24,128.14,2023-06-26
72,72,4,149.47,2023-10-16
73,73,8,256.86,2024-11-25
74,74,23,202.37,2025-12-11
75,75,11,65.6,2023-06-22
76,76,30,87.78,2024-08-19
77,77,13,90.57,2023-05-20
78,78,33,293.86,2023-10-12
79,79,20,100.8,2023-10-02
80,80,17,288.99,2025-12-11
81,81,10,243.41,2023-09-14
82,82,11,120.38,2024-01-11
83,83,12,136.6,2025-06-30
84,84,48,126.47,2024-06-13
85,85,7,80.07,2025-12-27
86,86,38,284.55,2024-09-30
87,87,46,73.65,2023-10-30
88,88,14,124.04,2025-02-09
89,89,41,93.96,2023-08-15
90,90,35,213.69,2025-09-27
91,91,42,74.72,2023-07-27
92,92,26,191.3,2023-03-15
93,93,36,133.16,2023-12-10
94,94,32,146.79,2023-04-24
95,95,37,188.22,2023-05-17
96,96,40,194.75,2024-11-24
97,97,33,191.43,2025-09-10
98,98,17,172.24,2025-02-25
99,99,34,99.43,2025-09-27
100,100,1,165.04,2024-08-17
101,101,15,140.13,2024-09-08
102,102,8,289.39,2024-11-23
103,103,9,232.52,2024-07-31
104,104,31,130.82,2026-01-28
105,105,24,245.91,2024-09-13
106,106,16,162.21,2024-03-26
107,107,17,35.86,2024-07-24
108,108,36,280.43,2025-09-14
109,109,18,89.16,2023-10-08
110,110,6,113.04,2023-09-02
111,111,7,157.37,2024-10-13
112,112,37,176.56,2025-07-31
113,113,35,58.91,2023-12-28
114,114,5,126.42,2024-04-30
115,115,34,125.92,2024-11-19
116,116,27,50.6,2026-02-16
117,117,37,240.3,2025-01-06
118,118,28,157.35,2024-06-10
119,119,27,68.69,2025-03-16
120,120,43,261.62,2025-12-21
121,121,33,78.16,2024-05-29
122,122,25,119.5,2023-09-22
123,123,43,212.43,2025-10-05
124,124,3,130.56,2024-11-11
125,125,11,43.29,2024-11-17
126,126,43,124.53,2023-11-06
127,127,28,182.34,2025-08-22
128,128,19,181.22,2024-10-22
129,129,35,191.82,2023-11-10
130,130,36,271.58,2025-12-16
131,131,12,209.72,2025-12-22
132,132,34,58.75,2024-12-25
133,133,29,172.25,2024-01-03
134,134,15,250.88,2024-08-17
135,135,48,103.33,2025-08-17
136,136,25,180.92,2023-08-04
137,137,3,207.68,2025-10-17
138,138,14,271.16,2026-03-12
139,139,39,163.37,2025-08-17
140,140,24,247.29,2024-09-13
141,141,25,142.46,2024-12-28
142,142,19,213.26,2024-07-25
143,143,24,115.94,2024-09-12
144,144,46,140.12,2024-08-24
145,145,42,290.52,2025-08-13
146,146,29,223.13,2024-11-18
147,147,19,73.09,2024-11-10
148,148,5,101.12,2025-06-16
149,149,27,188.0,2026-03-07
150,150,27,278.45,2023-09-16
151,151,3,139.82,2023-06-05
152,152,29,131.49,2025-04-08
153,153,36,258.49,2023-07-19
154,154,4,159.12,2023-09-25
155,155,23,137.45,2025-12-07
156,156,4,38.42,2025-01-25
157,157,30,44.34,2025-05-21
158,158,18,113.66,2024-09-03
159,159,40,294.52,2023-12-25
160,160,43,257.91,2023-07-25
161,161,6,89.38,2023-07-31
162,162,24,120.91,2026-02-12
163,163,26,215.75,2024-11-27
164,164,49,235.58,2026-01-31
165,165,33,235.86,2024-03-30
166,166,49,62.22,2023-09-28
167,167,28,132.71,2025-10-17
168,168,1,188.03,2023-04-08
169,169,9,135.83,2024-01-21
170,170,37,176.86,2023-12-02
171,171,34,145.34,2025-04-10
172,172,2,131.93,2025-04-08
173,173,30,128.43,2024-04-12
174,174,30,178.42,2023-10-05
175,175,31,177.5,2023-09-14
176,176,15,96.75,2024-10-16
177,177,49,265.13,2025-12-02
178,178,24,58.56,2024-11-04
179,179,16,209.07,2025-06-03
180,180,36,96.07,2024-01-26
181,181,30,246.82,2024-01-25
182,182,13,268.74,2024-12-05
183,183,42,125.71,2024-01-03
184,184,31,203.14,2024-08-28
185,185,9,122.65,2025-05-01
186,186,5,282.23,2023-08-20
187,187,16,131.62,2024-02-09
188,188,27,55.25,2025-02-03
189,189,20,263.11,2024-10-11
190,190,49,109.19,2025-02-10
191,191,21,97.7,2025-02-15
192,192,49,44.31,2026-01-28
193,193,11,235.94,2025-05-22
194,194,23,225.61,2025-09-10
195,195,19,292.06,2025-06-23
196,196,26,115.0,2026-01-28
197,197,44,52.45,2024-04-25
198,198,33,253.4,2023-03-29
199,199,21,212.88,2023-09-30
200,200,33,64.68,2024-01-27
201,201,49,139.89,2023-03-18
202,202,16,267.5,2025-03-15
203,203,12,269.21,2023-05-01
204,204,38,255.1,2025-07-27
205,205,19,137.37,2023-06-14
206,206,50,242.21,2026-01-28
207,207,4,64.89,2024-11-06
208,208,4,153.64,2023-10-01
209,209,31,213.5,2026-01-11
210,210,14,244.07,2024-07-24
211,211,29,223.97,2025-02-28
212,212,38,248.39,2025-01-09
213,213,50,64.06,2025-02-26
214,214,4,233.8,2024-08-15
215,215,27,111.2,2023-12-18
216,216,45,155.79,2024-01-19
217,217,20,211.27,2025-10-08
218,218,21,40.3,2025-12-26
219,219,48,190.01,2024-08-27
220,220,46,90.68,2025-06-26
221,221,22,295.9,2025-10-08
222,222,39,199.05,2025-01-18
223,223,32,291.32,2024-01-12
224,224,31,181.23,2023-10-26
225,225,21,81.47,2023-09-27
226,226,3,187.83,2023-06-09
227,227,23,50.14,2023-10-16
228,228,43,192.59,2023-07-13
229,229,43,148.26,2026-01-17
230,230,26,207.02,2026-01-19
231,231,26,113.05,2024-03-07
232,232,7,297.06,2024-06-18
233,233,10,231.6,2024-04-23
234,234,24,204.03,2024-12-27
235,235,35,42.48,2024-12-14
236,236,2,243.97,2024-09-04
237,237,8,223.31,2023-09-23
238,238,4,290.18,2023-06-04
239,239,21,143.81,2024-04-01
240,240,46,170.25,2023-10-27
241,241,35,99.4,2024-03-29
242,242,46,114.36,2026-02-06
243,243,4,201.21,2025-10-10
244,244,19,200.16,2023-12-31
245,245,27,52.95,2025-11-23
246,246,8,260.72,2023-12-13
247,247,32,72.72,2024-11-21
248,248,32,259.11,2024-04-20
249,249,41,164.07,2025-04-02
250,250,47,105.9,2023-11-17
251,251,33,268.52,2024-09-23
252,252,27,222.23,2024-12-29
253,253,17,259.67,2024-09-20
254,254,47,87.15,2025-10-16
255,255,37,120.77,2023-10-05
256,256,5,82.0,2024-05-23
257,257,10,66.91,2025-06-18
258,258,42,289.49,2025-01-31
259,259,30,218.7,2023-08-09
260,260,11,152.09,2025-07-08
261,261,1,124.67,2023-11-25
262,262,48,212.15,2024-01-13
263,263,12,229.27,2025-03-09
264,264,14,299.97,2025-05-16
265,265,34,279.36,2023-09-02
266,266,37,91.79,2025-01-04
267,267,14,185.5,2023-10-17
268,268,35,105.88,2025-01-03
269,269,8,254.75,2025-03-13
270,270,8,169.79,2025-04-30
271,271,49,283.46,2023-12-01
272,272,1,139.3,2025-04-13
273,273,36,153.77,2025-06-01
274,274,16,293.12,2023-08-21
275,275,28,293.95,2024-04-05
276,276,10,234.84,2024-04-01
277,277,28,297.71,2025-10-03
278,278,4,144.29,2023-11-07
279,279,25,174.95,2024-06-07
280,280,31,96.19,2025-12-11
281,281,23,86.37,2025-05-12
282,282,39,130.22,2023-05-04
283,283,6,237.8,2026-01-30
284,284,4,111.72,2023-12-21
285,285,49,295.48,2025-04-09
286,286,50,122.25,2025-04-07
287,287,26,95.07,2025-10-24
288,288,39,146.06,2025-03-26
289,289,9,197.28,2023-08-06
290,290,37,171.31,2024-09-20
291,291,43,67.08,2025-01-22
292,292,27,255.59,2024-09-21
293,293,8,166.14,2025-01-08
294,294,29,106.27,2025-08-14
295,295,26,161.82,2023-04-23
296,296,43,251.79,2023-11-13
297,297,40,232.27,2025-10-17
298,298,10,279.25,2024-08-17
299,299,23,83.8,2024-01-28
300,300,49,110.36,2023-10-01
301,301,6,279.21,2023-06-06
302,302,30,79.9,2024-09-07
303,303,21,206.1,2023-03-28
304,304,21,213.52,2025-06-02
305,305,5,73.88,2024-06-23
306,306,19,30.99,2025-07-10
307,307,18,162.07,2024-03-24
308,308,41,161.62,2025-11-11
309,309,50,258.33,2024-11-10
310,310,6,90.83,2024-08-21
311,311,45,94.89,2023-05-26
312,312,11,205.46,2023-12-26
313,313,32,109.49,2026-02-03
314,314,32,123.11,2024-08-05
315,315,11,43.87,2023-06-27
316,316,46,237.67,2025-10-23
317,317,26,193.17,2025-03-01
318,318,22,179.97,2025-07-27
319,319,24,31.2,2025-04-04
320,320,14,277.04,2025-06-18
321,321,17,140.22,2024-06-25
322,322,33,33.97,2023-04-24
323,323,37,177.09,2025-09-24
324,324,48,183.79,2024-08-25
325,325,28,248.55,2023-10-01
326,326,11,87.44,2025-11-26
327,327,22,56.66,2025-08-26
328,328,21,192.67,2024-11-23
329,329,15,149.71,2025-11-24
330,330,48,278.02,2025-06-29
331,331,12,245.81,2024-01-15
332,332,16,248.45,2025-07-01
333,333,36,162.17,2024-06-22
334,334,36,42.85,2024-05-09
335,335,22,263.61,2024-03-30
336,336,44,171.4,2025-05-02
337,337,10,106.17,2025-11-07
338,338,46,131.93,2024-01-22
339,339,18,203.27,2024-12-08
340,340,28,207.76,2024-09-01
341,341,38,144.43,2024-03-28
342,342,45,87.36,2023-06-03
343,343,29,91.24,2025-04-20
344,344,23,34.3,2025-12-06
345,345,8,34.34,2023-03-17
346,346,16,159.82,2025-05-20
347,347,44,35.97,2023-09-03
348,348,9,212.2,2024-03-12
349,349,25,98.59,2025-09-17
350,350,47,287.85,2025-12-19
351,351,36,216.62,2025-07-09
352,352,10,288.51,2025-08-12
353,353,24,128.4,2023-03-26
354,354,44,221.93,2023-05-20
355,355,44,178.67,2025-08-09
356,356,28,209.46,2025-03-30
357,357,19,59.2,2025-08-27
358,358,7,104.4,2024-04-23
359,359,42,281.0,2023-09-22
360,360,22,215.57,2023-05-28
361,361,24,58.42,2024-05-07
362,362,21,95.65,2024-09-05
363,363,4,265.93,2025-08-23
364,364,41,155.19,2023-04-24
365,365,3,234.32,2024-06-10
366,366,11,261.88,2024-12-17
367,367,20,77.91,2025-10-30
368,368,43,282.69,2024-07-12
369,369,7,249.64,2023-10-04
370,370,36,155.4,2023-08-16
371,371,35,228.15,2024-12-27
372,372,49,30.4,2023-12-21
373,373,22,139.06,2025-09-02
374,374,32,133.45,2024-04-07
375,375,21,222.56,2025-02-01
376,376,5,294.58,2023-08-03
377,377,27,238.78,2023-10-26
378,378,32,293.45,2023-10-12
379,379,28,242.69,2023-10-22
380,380,5,250.78,2025-04-03
381,381,8,147.47,2025-08-23
382,382,7,214.83,2025-05-19
383,383,22,136.49,2025-09-16
384,384,37,114.02,2025-08-01
385,385,1,37.09,2025-12-20
386,386,49,241.4,2025-03-21
387,387,3,220.94,2024-03-30
388,388,36,112.84,2024-08-30
389,389,25,167.97,2023-08-04
390,390,26,263.18,2024-04-02
391,391,19,105.27,2024-04-16
392,392,33,222.02,2023-03-16
393,393,1,254.35,2025-10-04
394,394,40,35.51,2023-07-03
395,395,29,292.25,2023-11-28
396,396,43,150.06,2026-02-07
397,397,25,221.9,2023-03-22
398,398,10,152.54,2024-01-08
399,399,2,210.39,2023-03-26
400,400,41,77.91,2024-10-30
401,401,22,299.96,2023-04-01
402,402,12,261.31,2025-03-02
403,403,40,211.6,2024-06-15
404,404,42,55.25,2023-07-15
405,405,46,224.9,2025-08-09
406,406,36,69.18,2024-01-10
407,407,36,164.35,2025-06-04
408,408,15,154.07,2023-11-12
409,409,48,94.46,2024-08-14
410,410,28,266.32,2023-08-04
411,411,31,154.21,2025-01-18
412,412,15,261.25,2024-09-28
413,413,16,49.99,2025-01-21
414,414,2,244.78,2025-10-14
415,415,43,105.63,2024-10-11
416,416,24,95.96,2025-02-19
417,417,8,289.44,2023-05-02
418,418,26,44.94,2023-09-02
419,419,28,257.49,2025-10-03
420,420,42,103.34,2025-07-14
421,421,5,214.82,2023-12-03
422,422,12,236.55,2024-10-03
423,423,22,248.32,2024-05-08
424,424,19,268.69,2024-10-23
425,425,38,125.73,2024-02-21
426,426,13,88.53,2024-01-17
427,427,37,230.19,2025-01-14
428,428,11,268.8,2025-05-24
429,429,13,113.29,2024-10-25
430,430,38,75.47,2025-11-30
431,431,22,138.81,2023-04-06
432,432,32,117.03,2024-02-06
433,433,10,41.97,2023-04-07
434,434,18,68.91,2024-01-06
435,435,30,291.71,2023-05-04
436,436,3,120.34,2025-12-09
437,437,48,30.55,2024-08-08
438,438,32,253.08,2024-12-13
439,439,5,90.84,2025-03-18
440,440,11,33.1,2023-05-20
441,441,33,180.16,2024-01-19
442,442,44,193.92,2024-10-24
443,443,7,85.43,2023-06-29
444,444,29,267.42,2024-07-06
445,445,9,63.03,2025-01-24
446,446,1,255.41,2025-01-23
447,447,13,290.85,2025-11-25
448,448,12,30.62,2024-04-11
449,449,30,202.07,2024-03-25
450,450,46,226.09,2024-05-02
451,451,26,74.38,2023-04-22
452,452,13,185.06,2023-05-17
453,453,22,169.81,2023-12-30
454,454,36,100.71,2024-04-25
455,455,48,47.47,2026-01-21
456,456,44,131.5,2025-12-20
457,457,37,276.1,2025-09-11
458,458,6,178.12,2025-05-12
459,459,29,252.77,2024-05-24
460,460,7,61.12,2025-12-18
461,461,1,265.85,2024-09-25
462,462,33,296.8,2025-10-20
463,463,25,123.32,2024-03-28
464,464,47,294.82,2024-10-29
465,465,37,266.24,2024-07-30
466,466,47,232.44,2024-08-17
467,467,8,241.93,2024-02-12
468,468,44,253.73,2024-05-19
469,469,23,189.17,2024-12-06
470,470,21,202.91,2024-07-21
471,471,11,98.56,2024-07-12
472,472,31,114.29,2025-06-25
473,473,20,168.98,2025-05-01
474,474,5,40.68,2025-12-12
475,475,6,49.62,2023-08-07
476,476,33,174.48,2023-08-20
477,477,4,198.43,2024-02-11
478,478,42,298.41,2023-04-16
479,479,36,209.55,2023-09-12
480,480,19,182.77,2023-08-26
481,481,41,113.3,2023-06-30
482,482,11,211.17,2025-08-03
483,483,13,289.12,2023-09-10
484,484,37,104.18,2025-02-09
485,485,6,79.63,2026-01-17
486,486,46,39.33,2023-04-10
487,487,26,276.21,2023-09-17
488,488,18,220.53,2024-05-06
489,489,42,135.54,2026-01-08
490,490,6,190.23,2024-06-28
491,491,17,170.47,2025-02-11
492,492,45,62.77,2024-11-25
493,493,39,191.59,2023-09-13
494,494,19,112.97,2024-12-30
495,495,49,227.28,2024-07-31
496,496,24,88.62,2025-08-20
497,497,46,87.35,2023-10-10
498,498,33,198.51,2023-06-07
499,499,15,121.97,2023-04-14
500,500,36,295.24,2024-09-12
501,501,29,135.43,2024-07-14
502,502,19,251.99,2026-02-16
503,503,11,276.94,2025-12-31
504,504,44,241.07,2025-11-23
505,505,11,210.86,2025-12-12
506,506,47,180.13,2024-01-05
507,507,27,237.83,2023-09-05
508,508,14,242.68,2024-09-08
509,509,39,64.99,2024-01-13
510,510,20,168.48,2023-03-15
511,511,35,46.75,2025-05-19
512,512,18,240.28,2023-09-29
513,513,19,63.89,2025-10-03
514,514,17,142.37,2025-10-24
515,515,1,294.11,2025-05-26
516,516,17,241.04,2023-08-07
517,517,31,262.03,2025-03-25
518,518,45,116.94,2024-08-28
519,519,40,200.72,2025-12-15
520,520,35,286.84,2024-12-18
521,521,7,281.83,2023-05-23
522,522,21,169.49,2023-04-21
523,523,27,216.12,2023-12-05
524,524,17,286.29,2023-04-10
525,525,39,277.22,2024-03-26
526,526,25,157.99,2023-05-13
527,527,2,64.86,2025-05-22
528,528,40,255.23,2024-09-11
529,529,33,223.1,2023-06-01
530,530,19,108.7,2023-07-12
531,531,7,208.57,2024-10-23
532,532,17,156.44,2024-07-20
533,533,10,223.22,2023-11-20
534,534,32,278.01,2025-05-17
535,535,31,75.49,2023-06-09
536,536,35,82.39,2024-01-01
537,537,49,67.46,2026-01-25
538,538,21,185.98,2023-06-21
539,539,41,164.2,2025-05-27
540,540,26,200.08,2026-02-23
541,541,13,190.97,2025-03-30
542,542,3,130.04,2024-05-08
543,543,48,119.4,2024-07-23
544,544,49,268.15,2025-07-10
545,545,13,159.96,2024-03-15
546,546,49,160.7,2025-03-12
547,547,50,136.97,2024-06-08
548,548,31,287.06,2024-05-23
549,549,11,58.7,2023-07-12
550,550,3,131.05,2024-07-19
551,551,8,103.15,2024-03-04
552,552,9,262.73,2024-03-01
553,553,22,91.36,2024-06-12
554,554,28,109.09,2023-12-01
555,555,15,179.98,2024-04-13
556,556,26,195.74,2024-04-11
557,557,26,32.98,2024-03-30
558,558,32,161.17,2025-05-17
559,559,7,152.26,2025-01-04
560,560,44,166.16,2025-08-23
561,561,33,274.55,2026-03-05
562,562,3,297.41,2023-08-17
563,563,1,207.72,2024-04-11
564,564,8,71.55,2025-03-23
565,565,15,266.62,2025-10-15
566,566,46,256.03,2023-09-11
567,567,35,31.08,2025-08-06
568,568,32,181.95,2025-04-26
569,569,40,134.9,2025-05-05
570,570,19,93.19,2023-05-05
571,571,29,258.26,2024-03-25
572,572,30,237.71,2023-03-25
573,573,14,126.43,2025-03-27
574,574,22,259.97,2025-03-05
575,575,35,292.52,2025-09-22
576,576,44,258.04,2023-06-15
577,577,25,226.15,2025-11-14
578,578,1,156.61,2025-11-11
579,579,2,69.23,2025-12-06
580,580,1,291.62,2023-07-15
581,581,23,227.72,2023-12-05
582,582,10,129.46,2025-03-05
583,583,45,286.08,2023-04-20
584,584,41,57.74,2023-05-12
585,585,9,122.39,2025-02-28
586,586,41,62.89,2024-08-27
587,587,25,215.43,2025-11-21
588,588,8,213.86,2025-09-29
589,589,44,99.27,2025-02-25
590,590,11,73.23,2025-05-03
591,591,43,213.19,2025-05-12
592,592,28,258.19,2024-03-12
593,593,42,190.21,2025-12-12
594,594,21,56.48,2023-07-13
595,595,26,152.82,2026-01-30
596,596,14,151.61,2024-07-28
597,597,29,54.98,2024-07-31
598,598,48,72.57,2024-09-13
599,599,40,296.27,2024-05-28
600,600,50,113.68,2023-09-10
601,601,46,45.62,2023-07-18
602,602,22,278.74,2025-08-26
603,603,29,173.87,2025-05-24
604,604,45,242.14,2025-06-20
605,605,15,225.24,2023-07-06
606,606,36,168.37,2024-02-17
607,607,11,56.85,2025-10-24
608,608,12,299.31,2025-07-01
609,609,22,39.06,2026-01-10
610,610,39,239.37,2023-11-06
611,611,39,94.61,2023-11-06
612,612,25,276.7,2023-06-30
613,613,20,177.03,2024-09-15
614,614,48,231.44,2024-02-24
615,615,15,124.38,2024-09-25
616,616,36,68.23,2024-10-07
617,617,49,84.57,2026-01-26
618,618,45,54.81,2026-02-08
619,619,4,188.92,2024-06-30
620,620,17,195.77,2023-10-19
621,621,13,216.97,2023-07-17
622,622,11,75.62,2025-09-05
623,623,30,145.25,2025-09-04
624,624,49,246.43,2025-01-23
625,625,28,290.11,2025-03-21
626,626,28,294.64,2025-01-06
627,627,31,286.54,2026-03-12
628,628,7,207.38,2023-06-08
629,629,9,165.09,2024-01-15
630,630,44,123.93,2024-07-31
631,631,16,166.77,2023-09-05
632,632,38,290.14,2024-11-26
633,633,14,52.4,2026-03-05
634,634,5,222.16,2023-07-22
635,635,47,97.42,2024-12-18
636,636,34,275.17,2023-06-06
637,637,1,124.79,2024-02-09
638,638,37,299.48,2023-12-24
639,639,31,139.55,2025-04-20
640,640,36,143.65,2024-12-17
641,641,41,273.43,2026-02-12
642,642,47,38.62,2025-03-11
643,643,7,229.69,2025-04-06
644,644,5,244.25,2024-08-24
645,645,22,46.78,2023-06-06
646,646,47,272.36,2025-10-16
647,647,19,169.07,2026-01-30
648,648,9,268.95,2023-06-01
649,649,5,234.09,2023-04-21
650,650,43,190.29,2023-09-10
651,651,35,202.92,2023-03-16
652,652,50,244.7,2023-06-03
653,653,37,124.24,2024-08-21
654,654,17,211.47,2024-11-22
655,655,10,58.71,2026-02-19
656,656,16,170.47,2026-01-05
657,657,10,265.0,2026-01-20
658,658,30,101.55,2025-10-22
659,659,32,261.29,2026-01-21
660,660,8,275.6,2024-05-03
661,661,21,184.01,2025-08-28
662,662,11,65.27,2025-07-07
663,663,15,240.48,2025-02-22
664,664,27,223.43,2024-09-18
665,665,32,186.39,2024-09-17
666,666,36,126.42,2024-08-30
667,667,6,163.53,2025-02-01
668,668,16,77.47,2025-06-03
669,669,36,267.98,2024-12-13
670,670,14,277.3,2023-03-16
671,671,16,63.37,2024-01-15
672,672,35,54.88,2023-07-25
673,673,1,150.03,2025-08-15
674,674,2,106.6,2023-04-14
675,675,47,287.93,2024-03-23
676,676,25,246.67,2026-01-27
677,677,1,81.33,2025-07-26
678,678,13,221.03,2024-06-11
679,679,13,66.19,2025-03-03
680,680,36,81.77,2025-01-02
681,681,13,113.88,2023-08-17
682,682,2,237.51,2025-10-27
683,683,6,227.34,2024-08-28
684,684,46,132.27,2024-02-20
685,685,13,46.81,2024-02-07
686,686,17,159.11,2023-09-16
687,687,46,252.22,2023-04-04
688,688,34,196.23,2023-03-29
689,689,43,69.31,2024-07-14
690,690,39,149.82,2024-09-07
691,691,6,230.04,2024-01-23
692,692,12,155.66,2025-06-02
693,693,30,204.55,2023-05-07
694,694,39,137.75,2025-06-17
695,695,44,173.63,2024-09-09
696,696,30,254.29,2025-09-12
697,697,45,295.64,2025-07-15
698,698,41,46.88,2025-10-24
699,699,25,266.7,2024-01-02
700,700,37,91.36,2025-09-14
701,701,38,253.98,2023-11-08
702,702,45,51.07,2024-03-22
703,703,27,107.49,2023-12-03
704,704,29,163.47,2024-08-27
705,705,14,188.97,2025-03-08
706,706,29,160.25,2025-08-13
707,707,50,224.45,2025-09-16
708,708,2,57.15,2024-05-10
709,709,31,112.5,2023-07-30
710,710,42,248.72,2025-01-21
711,711,11,199.68,2025-12-03
712,712,25,173.8,2024-07-30
713,713,3,113.28,2023-11-08
714,714,16,217.52,2024-09-04
715,715,20,176.59,2023-07-29
716,716,1,49.03,2023-07-11
717,717,43,53.19,2025-11-26
718,718,35,42.37,2026-01-26
719,719,13,147.41,2023-08-08
720,720,7,164.59,2025-12-13
721,721,39,104.76,2025-06-24
722,722,46,168.51,2026-01-11
723,723,49,169.03,2024-10-02
724,724,45,268.43,2023-12-23
725,725,27,183.99,2025-07-03
726,726,18,227.53,2024-11-04
727,727,12,280.71,2025-03-04
728,728,31,44.98,2023-07-14
729,729,8,148.38,2024-12-25
730,730,22,135.4,2024-12-28
731,731,5,54.68,2025-12-07
732,732,47,214.67,2024-08-16
733,733,48,249.39,2026-01-03
734,734,24,93.99,2024-12-19
735,735,35,128.92,2025-09-05
736,736,21,259.87,2026-01-03
737,737,30,189.6,2025-03-28
738,738,22,104.7,2024-12-03
739,739,18,279.45,2024-03-17
740,740,29,105.81,2025-03-02
741,741,38,240.79,2026-01-09
742,742,38,75.72,2025-06-13
743,743,18,91.41,2024-07-20
744,744,23,111.13,2024-12-29
745,745,17,190.57,2023-12-13
746,746,13,265.33,2025-07-05
747,747,38,233.83,2025-08-12
748,748,32,154.97,2023-07-07
749,749,11,153.34,2024-11-22
750,750,27,118.15,2025-01-22
751,751,41,274.21,2023-10-02
752,752,3,198.41,2025-04-21
753,753,6,299.22,2023-08-20
754,754,27,203.53,2024-03-21
755,755,43,183.45,2023-04-28
756,756,23,206.21,2023-04-26
757,757,33,78.68,2025-01-09
758,758,17,117.07,2024-05-24
759,759,21,190.68,2024-05-22
760,760,42,174.47,2026-01-14
761,761,35,299.97,2024-08-06
762,762,14,218.65,2024-06-13
763,763,10,90.16,2025-09-08
764,764,7,213.99,2025-10-21
765,765,12,133.96,2024-09-28
766,766,19,248.66,2024-02-25
767,767,28,256.61,2023-08-26
768,768,22,121.78,2025-05-20
769,769,46,65.49,2024-05-19
770,770,38,235.75,2025-11-08
771,771,1,199.88,2026-01-09
772,772,18,242.57,2026-01-22
773,773,37,115.43,2025-09-23
774,774,15,261.93,2024-11-20
775,775,49,151.69,2025-10-16
776,776,21,112.53,2025-08-26
777,777,37,33.03,2026-03-03
778,778,28,193.81,2024-09-04
779,779,37,259.34,2025-09-21
780,780,23,53.09,2023-06-01
781,781,32,83.15,2024-12-18
782,782,11,165.48,2023-10-14
783,783,23,225.49,2025-05-21
784,784,3,108.2,2026-01-28
785,785,10,165.48,2024-08-12
786,786,15,233.71,2024-08-09
787,787,10,71.32,2023-08-16
788,788,19,209.03,2025-06-06
789,789,46,166.99,2024-10-07
790,790,5,276.92,2024-07-10
791,791,5,114.3,2025-04-14
792,792,24,54.6,2025-06-08
793,793,9,57.52,2025-08-21
794,794,7,263.96,2025-11-12
795,795,25,123.95,2025-07-04
796,796,11,281.16,2025-06-20
797,797,7,231.74,2023-07-11
798,798,50,64.5,2026-03-06
799,799,43,39.52,2025-12-15
800,800,26,252.27,2024-09-28
801,801,19,98.88,2023-09-06
802,802,37,204.35,2023-09-18
803,803,40,147.84,2023-08-21
804,804,28,220.52,2026-02-06
805,805,1,43.69,2024-01-14
806,806,13,262.92,2024-08-21
807,807,41,239.89,2026-01-27
808,808,47,54.87,2023-06-18
809,809,8,234.52,2025-12-09
810,810,20,247.77,2024-08-12
811,811,31,71.55,2024-08-01
812,812,26,259.75,2023-10-17
813,813,2,167.54,2025-08-04
814,814,12,283.6,2024-02-04
815,815,39,227.79,2024-03-18
816,816,23,178.91,2024-05-08
817,817,43,47.77,2025-06-01
818,818,50,118.75,2026-03-07
819,819,5,64.61,2024-04-01
820,820,6,48.94,2025-07-28
821,821,48,60.47,2024-08-31
822,822,47,128.89,2025-04-11
823,823,8,75.36,2025-03-26
824,824,45,35.79,2025-01-11
825,825,27,259.21,2024-10-28
826,826,25,100.71,2024-07-28
827,827,28,170.74,2024-06-24
828,828,32,261.61,2023-08-23
829,829,47,276.37,2025-06-25
830,830,16,161.2,2024-12-15
831,831,32,179.33,2024-06-14
832,832,27,162.6,2024-04-23
833,833,42,81.14,2025-03-30
834,834,7,260.85,2023-08-16
835,835,9,290.63,2025-09-24
836,836,42,182.48,2024-01-03
837,837,8,170.33,2026-03-05
838,838,3,234.45,2025-09-05
839,839,32,57.52,2025-01-05
840,840,2,34.83,2023-06-18
841,841,45,153.24,2024-03-06
842,842,36,101.1,2023-03-28
843,843,26,246.83,2023-12-12
844,844,27,55.51,2025-04-07
845,845,7,50.03,2023-11-26
846,846,11,251.91,2023-06-05
847,847,47,207.37,2026-02-19
848,848,1,112.68,2024-04-18
849,849,33,77.72,2023-03-18
850,850,6,170.25,2025-09-22
851,851,23,175.99,2026-01-09
852,852,43,186.11,2024-09-14
853,853,28,38.6,2024-07-19
854,854,50,205.46,2025-06-26
855,855,31,143.53,2023-10-15
856,856,2,96.31,2024-08-15
857,857,29,219.44,2026-02-27
858,858,38,39.81,2025-11-26
859,859,12,265.37,2025-11-21
860,860,17,33.51,2025-04-27
861,861,26,284.22,2026-01-14
862,862,27,177.78,2025-03-03
863,863,50,81.38,2025-09-28
864,864,23,236.64,2024-11-26
865,865,16,286.27,2024-04-22
866,866,32,194.44,2023-10-24
867,867,17,46.91,2026-01-23
868,868,16,181.57,2024-11-14
869,869,31,153.48,2024-07-31
870,870,34,200.2,2025-02-02
871,871,40,195.01,2025-12-25
872,872,14,280.59,2023-12-21
873,873,18,81.49,2023-09-22
874,874,22,109.34,2024-02-02
875,875,30,31.39,2025-10-07
876,876,7,192.8,2023-07-22
877,877,45,205.15,2024-05-25
878,878,24,188.66,2023-10-11
879,879,49,169.92,2023-08-09
880,880,23,78.66,2023-12-17
881,881,35,153.81,2024-10-09
882,882,41,293.8,2024-06-13
883,883,25,195.72,2025-01-08
884,884,10,98.09,2025-03-16
885,885,35,111.63,2025-05-03
886,886,47,182.75,2023-07-31
887,887,7,250.9,2025-02-19
888,888,17,163.23,2024-09-12
889,889,13,104.22,2025-02-22
890,890,35,44.82,2024-05-28
891,891,23,234.28,2024-04-15
892,892,46,164.15,2024-01-23
893,893,19,135.15,2025-06-05
894,894,39,240.66,2024-02-27
895,895,7,172.59,2023-08-26
896,896,34,82.11,2024-10-23
897,897,24,33.68,2024-02-24
898,898,4,70.7,2024-02-12
899,899,2,175.34,2025-06-14
900,900,29,44.15,2025-05-01
901,901,42,176.73,2024-09-01
902,902,46,200.46,2024-07-26
903,903,5,189.67,2025-09-21
904,904,6,103.15,2025-05-22
905,905,33,58.14,2025-01-11
906,906,35,221.94,2023-04-07
907,907,8,34.45,2023-03-27
908,908,13,197.82,2024-11-07
909,909,1,73.68,2023-08-01
910,910,21,226.72,2025-11-15
911,911,27,265.24,2024-11-10
912,912,26,67.52,2026-02-05
913,913,43,110.29,2024-03-28
914,914,2,133.49,2024-11-08
915,915,43,84.65,2024-06-19
916,916,29,93.07,2024-09-04
917,917,36,96.23,2023-05-15
918,918,49,86.64,2026-03-12
919,919,4,267.26,2024-10-21
920,920,16,42.15,2024-12-31
921,921,11,61.84,2024-02-17
922,922,33,269.92,2024-01-06
923,923,28,283.56,2023-06-08
924,924,42,130.84,2025-07-30
925,925,11,121.84,2025-03-02
926,926,31,289.48,2025-11-25
927,927,45,31.16,2023-10-05
928,928,33,227.23,2024-02-19
929,929,47,147.93,2024-11-08
930,930,49,129.26,2025-02-25
931,931,7,252.88,2024-02-16
932,932,20,223.09,2025-01-19
933,933,13,119.69,2024-11-02
934,934,17,239.53,2025-11-07
935,935,30,206.73,2023-05-10
936,936,42,222.07,2026-01-06
937,937,20,56.24,2026-01-29
938,938,4,73.43,2025-08-03
939,939,5,275.7,2023-06-11
940,940,36,173.54,2024-10-29
941,941,40,279.22,2026-01-27
942,942,32,55.35,2023-10-03
943,943,16,118.62,2024-04-01
944,944,11,283.56,2024-08-05
945,945,22,211.12,2025-12-25
946,946,26,263.28,2025-03-13
947,947,27,100.32,2025-06-21
948,948,9,257.43,2024-02-16
949,949,29,264.54,2023-12-23
950,950,46,169.42,2023-06-09
951,951,28,204.2,2025-01-25
952,952,29,86.81,2024-01-29
953,953,35,295.28,2023-05-02
954,954,13,289.93,2025-03-17
955,955,18,117.23,2024-03-21
956,956,9,299.67,2023-05-26
957,957,3,223.01,2023-07-10
958,958,12,245.71,2025-02-03
959,959,25,256.15,2023-06-07
960,960,50,243.78,2024-05-07
961,961,3,130.12,2025-05-02
962,962,22,135.49,2025-04-09
963,963,6,260.51,2023-08-07
964,964,37,230.28,2026-02-12
965,965,40,124.02,2024-02-25
966,966,22,294.78,2024-08-28
967,967,28,61.04,2026-02-07
968,968,48,142.83,2025-08-15
969,969,8,36.64,2026-01-09
970,970,20,249.93,2024-07-05
971,971,39,136.79,2023-07-30
972,972,27,253.48,2024-02-21
973,973,28,255.71,2024-03-02
974,974,27,111.56,2023-09-24
975,975,22,294.91,2025-10-26
976,976,32,154.2,2024-12-19
977,977,22,133.14,2025-11-12
978,978,23,119.51,2024-09-24
979,979,18,80.7,2024-02-02
980,980,41,51.91,2024-01-29
981,981,10,231.13,2024-05-05
982,982,15,198.19,2023-04-02
983,983,15,74.42,2025-07-10
984,984,27,193.64,2023-06-15
985,985,4,57.42,2025-11-27
986,986,26,46.61,2023-10-12
987,987,24,62.72,2024-10-13
988,988,23,253.75,2025-10-10
989,989,46,96.53,2025-10-28
990,990,22,112.19,2025-07-13
991,991,11,101.38,2025-05-07
992,992,5,203.48,2025-03-21
993,993,20,165.05,2025-05-18
994,994,38,116.07,2025-11-20
995,995,4,226.67,2024-10-21
996,996,40,136.76,2023-11-07
997,997,23,138.1,2024-12-24
998,998,21,41.75,2024-05-28
999,999,49,145.3,2023-08-10
1000,1000,16,138.25,2024-09-10
1001,1001,13,54.63,2024-10-09
1002,1002,9,152.3,2024-12-03
1003,1003,34,217.5,2025-03-24
1004,1004,1,37.16,2024-05-27
1005,1005,15,44.02,2025-04-21
1006,1006,20,178.81,2023-06-12
1007,1007,48,120.58,2024-07-27
1008,1008,46,93.9,2025-02-09
1009,1009,44,254.75,2025-12-15
1010,1010,27,288.71,2024-05-25
1011,1011,23,99.36,2024-07-10
1012,1012,15,68.86,2026-01-08
1013,1013,14,255.5,2025-04-30
1014,1014,36,107.71,2024-06-02
1015,1015,41,299.47,2026-02-23
1016,1016,28,164.13,2025-07-27
1017,1017,6,190.73,2024-09-10
1018,1018,40,38.63,2024-09-11
1019,1019,16,293.45,2025-06-29
1020,1020,26,40.58,2024-03-04
1021,1021,4,251.55,2023-03-17
1022,1022,2,59.99,2024-12-25
1023,1023,44,170.06,2023-06-16
1024,1024,12,35.75,2025-10-24
1025,1025,5,224.19,2026-01-07
1026,1026,31,69.65,2026-02-18
1027,1027,46,222.84,2023-07-24
1028,1028,8,158.6,2025-06-16
1029,1029,29,122.29,2023-10-06
1030,1030,46,101.97,2023-09-30
1031,1031,16,30.07,2023-07-25
1032,1032,6,111.71,2024-10-27
1033,1033,15,155.74,2024-04-10
1034,1034,48,92.28,2025-09-12
1035,1035,27,210.62,2024-05-10
1036,1036,8,198.73,2024-02-23
1037,1037,46,30.72,2023-07-10
1038,1038,16,181.72,2026-01-19
1039,1039,27,169.41,2025-06-30
1040,1040,29,108.05,2023-06-01
1041,1041,42,178.6,2025-01-10
1042,1042,48,134.56,2024-04-10
1043,1043,1,276.76,2023-10-14
1044,1044,33,204.67,2025-05-20
1045,1045,7,208.61,2025-11-16
1046,1046,28,220.41,2023-12-05
1047,1047,26,256.2,2025-08-19
1048,1048,43,54.52,2023-08-03
1049,1049,46,178.2,2025-01-13
1050,1050,12,107.89,2024-05-09
1051,1051,41,111.13,2025-03-23
1052,1052,39,130.0,2025-12-14
1053,1053,32,258.96,2023-09-18
1054,1054,17,233.44,2026-03-08
1055,1055,30,58.75,2026-01-31
1056,1056,40,231.98,2023-10-29
1057,1057,12,92.63,2026-02-25
1058,1058,32,237.59,2025-10-31
1059,1059,4,180.54,2025-03-18
1060,1060,18,92.84,2026-01-30
1061,1061,34,91.23,2024-06-15
1062,1062,46,228.22,2023-06-11
1063,1063,19,154.55,2024-11-01
1064,1064,5,176.53,2026-01-24
1065,1065,48,202.15,2025-08-20
1066,1066,10,280.43,2024-05-27
1067,1067,40,127.47,2025-06-16
1068,1068,5,247.96,2025-08-18
1069,1069,12,244.1,2024-11-12
1070,1070,5,64.86,2024-08-26
1071,1071,10,137.44,2023-11-01
1072,1072,5,195.68,2023-08-26
1073,1073,39,246.6,2023-07-24
1074,1074,14,239.1,2025-12-31
1075,1075,14,255.91,2025-08-03
1076,1076,49,274.58,2023-05-02
1077,1077,40,285.42,2024-09-18
1078,1078,42,31.96,2024-09-06
1079,1079,44,214.59,2023-08-12
1080,1080,1,292.75,2025-02-01
1081,1081,10,80.94,2023-03-19
1082,1082,18,203.16,2024-09-02
1083,1083,37,163.39,2023-06-03
1084,1084,23,112.46,2025-11-16
1085,1085,34,105.2,2024-05-29
1086,1086,46,111.74,2024-10-10
1087,1087,45,221.29,2025-12-03
1088,1088,2,297.41,2025-12-27
1089,1089,1,32.5,2023-10-08
1090,1090,9,45.92,2023-08-04
1091,1091,38,106.5,2024-10-12
1092,1092,28,171.28,2024-07-17
1093,1093,46,106.06,2025-02-14
1094,1094,2,225.4,2024-02-12
1095,1095,40,179.0,2024-04-27
1096,1096,42,213.87,2025-06-29
1097,1097,10,143.74,2024-05-30
1098,1098,17,237.67,2024-10-12
1099,1099,35,229.66,2025-05-02
1100,1100,48,173.63,2024-05-30
1101,1101,47,211.14,2023-10-25
1102,1102,18,266.18,2023-12-22
1103,1103,15,158.89,2023-08-10
1104,1104,22,163.81,2024-12-07
1105,1105,38,35.42,2023-07-19
1106,1106,36,291.81,2024-09-19
1107,1107,46,96.93,2025-10-03
1108,1108,39,81.27,2025-06-03
1109,1109,35,280.58,2023-05-24
1110,1110,47,287.77,2023-05-05
1111,1111,3,140.31,2023-06-07
1112,1112,48,174.49,2024-03-04
1113,1113,47,224.59,2025-11-30
1114,1114,33,212.12,2023-08-04
1115,1115,5,231.0,2023-05-16
1116,1116,34,30.3,2025-11-15
1117,1117,13,162.99,2025-12-18
1118,1118,28,139.52,2024-04-24
1119,1119,34,98.52,2023-08-12
1120,1120,16,160.65,2025-08-12
1121,1121,39,211.06,2026-03-05
1122,1122,34,242.07,2025-04-27
1123,1123,41,81.55,2023-10-02
1124,1124,20,81.57,2025-02-18
1125,1125,41,162.58,2025-07-14
1126,1126,43,268.95,2025-11-03
1127,1127,49,41.87,2025-06-05
1128,1128,2,99.06,2025-02-16
1129,1129,47,299.95,2024-04-25
1130,1130,23,168.08,2025-04-26
1131,1131,43,48.47,2025-07-30
1132,1132,20,229.51,2024-11-29
1133,1133,31,289.98,2024-10-04
1134,1134,8,129.55,2025-02-25
1135,1135,28,201.68,2024-01-29
1136,1136,25,64.93,2024-12-20
1137,1137,31,91.27,2024-12-30
1138,1138,26,111.03,2024-08-07
1139,1139,13,117.27,2023-06-09
1140,1140,46,70.16,2024-06-23
1141,1141,46,140.83,2024-10-14
1142,1142,8,253.27,2025-12-12
1143,1143,50,103.35,2026-01-04
1144,1144,20,65.81,2025-03-10
1145,1145,1,108.26,2025-05-08
1146,1146,23,219.33,2024-07-01
1147,1147,11,180.98,2024-10-31
1148,1148,20,221.27,2025-01-20
1149,1149,35,160.7,2025-04-16
1150,1150,29,111.77,2024-02-06
1151,1151,49,183.36,2023-03-21
1152,1152,6,282.92,2025-04-28
1153,1153,11,96.45,2024-03-01
1154,1154,46,218.01,2024-03-24
1155,1155,48,299.25,2024-07-10
1156,1156,47,39.12,2024-08-31
1157,1157,31,285.15,2025-07-27
1158,1158,26,281.02,2025-10-01
1159,1159,20,265.23,2024-10-25
1160,1160,19,246.9,2025-03-05
1161,1161,34,133.52,2024-09-06
1162,1162,37,290.55,2023-03-23
1163,1163,9,151.33,2023-07-09
1164,1164,41,275.87,2024-11-18
1165,1165,3,104.44,2025-09-09
1166,1166,50,202.31,2025-10-31
1167,1167,14,263.83,2023-11-25
1168,1168,27,51.73,2024-07-25
1169,1169,15,135.41,2025-05-20
1170,1170,34,68.83,2025-06-11
1171,1171,36,211.53,2025-03-22
1172,1172,18,171.4,2024-06-06
1173,1173,30,165.47,2024-04-15
1174,1174,8,180.15,2024-07-28
1175,1175,42,298.63,2024-01-09
1176,1176,10,292.63,2024-11-16
1177,1177,8,91.31,2024-03-02
1178,1178,19,129.73,2025-02-08
1179,1179,45,113.99,2024-03-18
1180,1180,49,76.49,2025-11-24
1181,1181,47,263.2,2024-06-21
1182,1182,16,175.91,2024-09-27
1183,1183,23,54.88,2024-07-16
1184,1184,28,247.16,2024-05-07
1185,1185,13,49.91,2023-10-03
1186,1186,31,146.64,2025-05-18
1187,1187,6,150.3,2025-02-14
1188,1188,34,283.0,2024-06-10
1189,1189,10,179.25,2024-08-03
1190,1190,47,43.63,2023-11-28
1191,1191,49,150.74,2024-06-15
1192,1192,16,77.53,2024-06-18
1193,1193,44,238.12,2023-05-04
1194,1194,11,200.84,2026-02-13
1195,1195,49,98.9,2023-09-12
1196,1196,31,284.28,2023-07-25
1197,1197,32,159.75,2024-11-10
1198,1198,33,102.73,2023-04-24
1199,1199,50,206.7,2024-11-24
1200,1200,16,93.25,2026-03-03
1201,1201,29,104.68,2024-02-14
1202,1202,32,149.85,2023-03-20
1203,1203,37,110.33,2024-07-21
1204,1204,40,256.22,2023-10-15
1205,1205,35,289.61,2025-07-27
1206,1206,35,55.94,2023-07-27
1207,1207,46,38.78,2025-12-09
1208,1208,15,296.52,2024-02-16
1209,1209,33,284.95,2026-01-24
1210,1210,30,42.95,2023-09-27
1211,1211,42,289.26,2023-08-17
1212,1212,48,241.42,2025-04-05
1213,1213,50,59.9,2024-03-01
1214,1214,27,153.48,2023-09-03
1215,1215,49,116.93,2026-01-20
1216,1216,28,275.87,2026-02-04
1217,1217,31,234.78,2024-09-29
1218,1218,26,91.65,2025-10-18
1219,1219,9,38.7,2023-11-22
1220,1220,6,61.21,2024-07-12
1221,1221,5,70.26,2023-05-18
1222,1222,27,93.81,2024-05-22
1223,1223,39,151.72,2024-08-16
1224,1224,22,117.4,2024-10-22
1225,1225,5,64.62,2023-05-31
1226,1226,25,275.16,2025-07-10
1227,1227,24,248.97,2024-01-18
1228,1228,45,70.77,2024-02-26
1229,1229,4,139.3,2023-09-05
1230,1230,28,102.88,2023-03-19
1231,1231,14,290.78,2025-01-29
1232,1232,5,181.58,2023-10-13
1233,1233,9,142.51,2024-05-05
1234,1234,14,99.46,2025-11-06
1235,1235,38,106.61,2024-06-23
1236,1236,10,261.76,2026-01-28
1237,1237,48,115.9,2023-07-14
1238,1238,37,224.61,2024-12-04
1239,1239,22,289.01,2023-11-12
1240,1240,38,150.45,2024-02-12
1241,1241,25,65.49,2023-08-26
1242,1242,5,275.48,2023-10-24
1243,1243,28,276.69,2025-07-03
1244,1244,6,209.3,2025-10-22
1245,1245,3,243.44,2023-12-30
1246,1246,20,142.09,2023-11-22
1247,1247,12,78.44,2023-05-27
1248,1248,45,32.93,2023-04-05
1249,1249,50,191.2,2023-03-27
1250,1250,16,180.43,2025-01-31
1251,1251,5,84.31,2024-01-09
1252,1252,29,295.39,2024-10-15
1253,1253,21,132.85,2025-05-13
1254,1254,48,87.7,2023-10-12
1255,1255,1,262.13,2025-04-18
1256,1256,35,292.72,2024-03-01
1257,1257,2,179.23,2024-11-23
1258,1258,50,192.5,2024-03-16
1259,1259,6,205.0,2025-08-09
1260,1260,47,110.66,2023-08-04
1261,1261,22,194.9,2025-02-01
1262,1262,36,281.3,2025-10-17
1263,1263,41,195.36,2025-10-20
1264,1264,4,131.28,2025-02-17
1265,1265,14,83.15,2023-09-21
1266,1266,40,35.3,2023-04-19
1267,1267,50,89.89,2024-05-05
1268,1268,12,267.42,2023-05-13
1269,1269,15,138.19,2025-02-02
1270,1270,45,267.71,2024-06-19
1271,1271,45,219.89,2025-04-30
1272,1272,8,89.48,2023-04-22
1273,1273,29,259.51,2025-08-06
1274,1274,46,92.4,2025-02-23
1275,1275,15,268.69,2024-10-15
1276,1276,2,56.14,2023-08-06
1277,1277,36,212.35,2023-09-29
1278,1278,14,73.36,2024-03-26
1279,1279,17,246.27,2024-02-18
1280,1280,24,239.34,2024-11-17
1281,1281,30,114.87,2024-03-13
1282,1282,14,171.78,2023-12-19
1283,1283,36,278.24,2024-10-06
1284,1284,17,61.84,2024-01-29
1285,1285,15,32.31,2023-04-30
1286,1286,5,39.09,2024-02-24
1287,1287,10,101.68,2025-05-17
1288,1288,49,76.22,2024-06-11
1289,1289,24,95.21,2023-04-11
1290,1290,46,44.55,2023-11-29
1291,1291,21,179.71,2023-04-19
1292,1292,4,208.58,2024-02-25
1293,1293,15,112.71,2026-01-27
1294,1294,4,205.16,2024-01-18
1295,1295,20,163.37,2025-08-21
1296,1296,32,133.57,2025-02-13
1297,1297,17,190.08,2023-07-20
1298,1298,22,161.41,2025-09-12
1299,1299,21,70.55,2024-08-17
1300,1300,11,170.79,2024-08-18
1301,1301,34,144.92,2023-03-13
1302,1302,45,201.36,2025-10-16
1303,1303,2,242.1,2024-05-29
1304,1304,44,128.78,2025-08-17
1305,1305,49,192.84,2023-05-13
1306,1306,43,266.98,2023-11-17
1307,1307,30,102.1,2024-04-22
1308,1308,12,56.64,2023-05-18
1309,1309,31,130.76,2026-02-17
1310,1310,4,174.29,2024-06-10
1311,1311,25,175.19,2024-05-23
1312,1312,15,191.39,2025-12-13
1313,1313,16,78.91,2024-03-11
1314,1314,4,266.27,2025-10-12
1315,1315,1,115.61,2024-12-26
1316,1316,42,179.06,2024-08-21
1317,1317,45,176.17,2024-08-05
1318,1318,39,237.69,2024-07-14
1319,1319,42,224.88,2024-03-06
1320,1320,28,261.92,2025-10-13
1321,1321,1,101.32,2024-06-30
1322,1322,28,268.84,2024-04-23
1323,1323,44,211.88,2024-07-18
1324,1324,31,209.32,2025-12-16
1325,1325,12,157.14,2025-06-18
1326,1326,26,159.74,2025-11-10
1327,1327,10,121.92,2023-05-06
1328,1328,16,236.29,2026-02-07
1329,1329,46,169.13,2023-05-21
1330,1330,43,196.83,2023-10-29
1331,1331,9,100.56,2025-06-17
1332,1332,48,98.75,2025-01-15
1333,1333,4,170.7,2026-01-30
1334,1334,34,155.07,2024-08-15
1335,1335,47,265.47,2026-03-05
1336,1336,5,243.41,2025-12-29
1337,1337,33,270.71,2025-12-10
1338,1338,23,242.52,2024-12-08
1339,1339,11,134.82,2025-09-28
1340,1340,50,180.5,2025-04-15
1341,1341,30,276.58,2025-11-07
1342,1342,21,94.07,2024-10-31
1343,1343,47,198.0,2023-06-09
1344,1344,48,92.34,2025-01-27
1345,1345,8,214.46,2024-01-19
1346,1346,43,175.89,2023-08-12
1347,1347,41,158.11,2023-03-27
1348,1348,34,152.35,2024-03-10
1349,1349,11,85.04,2023-06-08
1350,1350,37,36.93,2024-02-25
1351,1351,30,232.31,2025-04-21
1352,1352,20,207.92,2025-06-19
1353,1353,40,264.85,2024-03-21
1354,1354,34,210.43,2023-07-11
1355,1355,46,261.52,2025-07-02
1356,1356,26,286.87,2025-05-12
1357,1357,16,198.3,2023-12-21
1358,1358,10,245.04,2025-12-28
1359,1359,15,140.61,2025-02-23
1360,1360,45,32.61,2026-01-19
1361,1361,32,124.1,2025-06-27
1362,1362,13,133.95,2026-03-05
1363,1363,14,73.38,2024-04-12
1364,1364,4,235.66,2023-12-17
1365,1365,41,53.18,2025-03-18
1366,1366,3,143.07,2024-03-04
1367,1367,32,81.87,2023-06-03
1368,1368,38,179.07,2025-07-12
1369,1369,49,243.99,2024-03-22
1370,1370,17,267.84,2023-06-11
1371,1371,45,276.04,2024-01-28
1372,1372,9,135.4,2023-05-20
1373,1373,47,61.53,2024-09-03
1374,1374,38,204.69,2024-10-20
1375,1375,28,62.35,2024-03-24
1376,1376,22,182.3,2024-03-15
1377,1377,6,281.43,2023-11-02
1378,1378,45,263.57,2024-10-26
1379,1379,19,96.21,2024-02-16
1380,1380,33,298.84,2024-02-28
1381,1381,7,97.94,2023-04-24
1382,1382,44,296.47,2024-11-07
1383,1383,27,59.82,2023-09-07
1384,1384,37,158.96,2023-12-24
1385,1385,39,117.12,2024-07-25
1386,1386,23,79.9,2024-03-07
1387,1387,30,99.33,2024-08-12
1388,1388,49,36.62,2025-06-19
1389,1389,41,293.21,2024-06-16
1390,1390,34,261.6,2026-02-12
1391,1391,24,117.13,2024-11-29
1392,1392,48,74.31,2024-09-28
1393,1393,32,227.33,2023-05-26
1394,1394,37,97.35,2025-08-19
1395,1395,4,246.28,2026-03-05
1396,1396,12,45.04,2024-09-15
1397,1397,27,160.57,2024-09-17
1398,1398,17,174.22,2024-04-17
1399,1399,33,96.28,2024-02-05
1400,1400,32,252.1,2023-06-23
1401,1401,16,113.78,2025-12-25
1402,1402,10,99.89,2024-11-30
1403,1403,24,210.55,2023-06-21
1404,1404,7,150.87,2025-04-18
1405,1405,42,37.01,2024-09-03
1406,1406,11,101.04,2025-07-28
1407,1407,11,271.89,2024-01-31
1408,1408,22,49.36,2025-01-25
1409,1409,23,278.3,2024-07-03
1410,1410,21,290.14,2024-11-19
1411,1411,46,205.66,2023-08-30
1412,1412,41,266.79,2023-10-08
1413,1413,39,118.35,2025-06-30
1414,1414,17,129.34,2024-10-25
1415,1415,13,158.0,2025-08-16
1416,1416,40,113.01,2024-04-24
1417,1417,4,205.23,2025-04-14
1418,1418,13,98.55,2024-08-03
1419,1419,12,183.16,2023-05-16
1420,1420,25,173.38,2024-06-29
1421,1421,29,192.93,2025-12-23
1422,1422,42,146.35,2023-09-22
1423,1423,34,150.53,2024-01-05
1424,1424,8,128.33,2025-04-19
1425,1425,42,124.65,2026-02-07
1426,1426,8,89.97,2023-06-10
1427,1427,9,63.41,2024-12-22
1428,1428,30,171.75,2023-05-18
1429,1429,11,272.43,2023-08-14
1430,1430,8,162.13,2024-01-02
1431,1431,3,154.7,2024-03-05
1432,1432,14,177.73,2023-12-05
1433,1433,10,250.33,2023-08-22
1434,1434,39,84.02,2024-01-29
1435,1435,27,256.91,2025-09-06
1436,1436,8,67.55,2025-12-04
1437,1437,16,132.42,2025-11-20
1438,1438,11,215.1,2024-05-17
1439,1439,44,232.1,2023-07-30
1440,1440,4,114.44,2024-04-04
1441,1441,22,127.86,2023-04-24
1442,1442,47,267.59,2024-03-17
1443,1443,12,262.97,2024-04-24
1444,1444,23,252.14,2024-09-27
1445,1445,2,73.87,2024-02-08
1446,1446,24,69.24,2024-02-26
1447,1447,24,53.8,2024-06-22
1448,1448,43,154.69,2025-02-28
1449,1449,37,34.59,2024-05-24
1450,1450,49,175.52,2025-06-14
1451,1451,15,180.27,2023-08-22
1452,1452,46,260.8,2025-01-22
1453,1453,18,239.08,2023-08-27
1454,1454,8,284.3,2024-07-24
1455,1455,2,42.29,2024-10-22
1456,1456,22,176.99,2023-08-26
1457,1457,25,242.73,2023-06-09
1458,1458,4,105.49,2025-01-28
1459,1459,3,200.82,2023-07-15
1460,1460,2,89.47,2024-01-03
1461,1461,3,30.05,2025-04-16
1462,1462,22,70.78,2024-10-31
1463,1463,42,155.57,2025-03-20
1464,1464,14,137.16,2023-09-01
1465,1465,25,69.22,2024-01-28
1466,1466,23,177.12,2024-11-23
1467,1467,15,249.51,2026-03-01
1468,1468,10,272.69,2023-07-09
1469,1469,13,184.86,2024-10-19
1470,1470,1,181.5,2024-10-11
1471,1471,43,275.51,2024-06-21
1472,1472,13,266.58,2024-05-31
1473,1473,36,78.29,2026-01-17
1474,1474,29,267.81,2024-05-30
1475,1475,24,171.58,2024-09-02
1476,1476,44,68.68,2024-04-14
1477,1477,9,37.81,2023-09-21
1478,1478,23,189.2,2025-05-23
1479,1479,34,214.34,2025-06-24
1480,1480,36,115.63,2025-02-18
1481,1481,1,41.21,2025-09-04
1482,1482,35,64.29,2023-10-15
1483,1483,25,217.75,2024-01-09
1484,1484,20,274.8,2026-02-07
1485,1485,33,195.1,2023-05-12
1486,1486,4,160.24,2023-06-26
1487,1487,31,36.19,2023-06-26
1488,1488,33,156.02,2024-08-09
1489,1489,35,73.8,2024-01-12
1490,1490,41,250.69,2024-06-28
1491,1491,2,66.74,2023-10-14
1492,1492,11,253.45,2023-06-21
1493,1493,12,123.43,2023-12-27
1494,1494,8,285.48,2025-04-12
1495,1495,22,298.18,2026-02-18
1496,1496,4,36.85,2023-08-26
1497,1497,31,129.26,2025-10-11
1498,1498,23,146.4,2026-02-04
1499,1499,49,236.11,2023-05-12
1500,1500,26,80.55,2025-04-30
1501,1501,17,235.91,2025-02-19
1502,1502,2,273.54,2024-09-15
1503,1503,2,120.67,2025-07-01
1504,1504,50,204.55,2024-10-22
1505,1505,48,112.22,2024-03-21
1506,1506,41,229.84,2024-03-22
1507,1507,6,139.45,2024-02-17
1508,1508,18,274.7,2025-04-14
1509,1509,13,193.2,2023-04-01
1510,1510,14,119.05,2024-09-27
1511,1511,34,255.94,2024-08-06
1512,1512,35,257.0,2025-04-19
1513,1513,14,167.41,2024-09-28
1514,1514,10,296.32,2025-07-11
1515,1515,39,238.85,2025-08-17
1516,1516,9,240.96,2025-09-06
1517,1517,38,141.9,2023-12-04
1518,1518,23,226.3,2025-02-05
1519,1519,27,161.81,2026-01-26
1520,1520,32,91.98,2024-08-24
1521,1521,31,108.91,2023-12-07
1522,1522,7,209.05,2025-05-23
1523,1523,8,233.72,2025-08-28
1524,1524,21,270.16,2025-07-05
1525,1525,47,164.64,2025-08-16
1526,1526,29,185.15,2025-10-25
1527,1527,24,61.23,2024-10-13
1528,1528,25,127.2,2025-02-18
1529,1529,15,259.43,2026-01-29
1530,1530,49,220.59,2024-06-18
1531,1531,17,209.74,2023-10-31
1532,1532,40,233.02,2024-05-08
1533,1533,31,145.17,2024-01-07
1534,1534,21,298.48,2025-03-31
1535,1535,45,130.43,2024-11-14
1536,1536,29,85.17,2024-01-08
1537,1537,25,248.06,2025-12-13
1538,1538,42,128.3,2024-02-03
1539,1539,15,174.57,2024-06-16
1540,1540,47,50.48,2024-07-08
1541,1541,44,285.25,2024-12-28
1542,1542,49,45.41,2024-06-12
1543,1543,36,30.1,2025-08-31
1544,1544,33,128.06,2025-06-11
1545,1545,28,256.45,2024-07-09
1546,1546,29,109.21,2024-09-08
1547,1547,2,254.72,2025-02-26
1548,1548,38,55.03,2023-06-03
1549,1549,10,190.99,2024-01-24
1550,1550,12,152.41,2025-10-07
1551,1551,7,245.06,2025-02-21
1552,1552,16,155.76,2025-04-02
1553,1553,16,274.21,2024-01-12
1554,1554,22,98.33,2023-08-05
1555,1555,31,41.06,2023-08-27
1556,1556,24,99.05,2023-08-24
1557,1557,2,201.05,2024-06-14
1558,1558,28,41.07,2024-11-14
1559,1559,23,98.22,2024-08-04
1560,1560,50,270.66,2025-08-24
1561,1561,24,222.95,2024-04-07
1562,1562,44,177.68,2024-08-08
1563,1563,4,278.25,2023-11-22
1564,1564,49,85.05,2023-12-24
1565,1565,3,118.01,2024-12-21
1566,1566,29,161.9,2024-01-15
1567,1567,36,296.99,2025-01-29
1568,1568,40,48.15,2024-12-23
1569,1569,27,50.12,2024-08-25
1570,1570,36,215.39,2024-03-13
1571,1571,34,36.89,2023-08-12
1572,1572,32,50.77,2024-07-11
1573,1573,26,226.74,2024-06-28
1574,1574,31,149.18,2024-11-01
1575,1575,32,193.66,2024-07-27
1576,1576,34,254.4,2023-08-30
1577,1577,49,172.73,2023-06-17
1578,1578,35,283.1,2026-02-10
1579,1579,11,45.29,2026-01-22
1580,1580,13,55.67,2024-08-09
1581,1581,32,75.85,2025-12-15
1582,1582,18,236.2,2025-12-01
1583,1583,30,167.45,2023-07-07
1584,1584,35,176.14,2023-10-04
1585,1585,43,184.5,2024-10-08
1586,1586,33,83.33,2024-12-20
1587,1587,8,82.66,2023-12-11
1588,1588,10,242.91,2024-06-25
1589,1589,35,241.41,2023-07-20
1590,1590,45,132.44,2023-09-10
1591,1591,47,218.72,2023-09-18
1592,1592,1,251.87,2024-02-28
1593,1593,12,66.09,2023-08-11
1594,1594,31,151.96,2024-06-06
1595,1595,9,180.69,2024-05-14
1596,1596,27,63.13,2025-12-21
1597,1597,48,147.46,2026-01-29
1598,1598,6,88.34,2026-01-22
1599,1599,30,159.7,2024-07-30
1600,1600,47,265.77,2025-05-27
1601,1601,15,123.92,2025-03-02
1602,1602,50,66.0,2024-12-06
1603,1603,34,202.51,2025-05-20
1604,1604,5,56.65,2023-05-28
1605,1605,26,269.26,2025-02-23
1606,1606,34,289.28,2025-02-20
1607,1607,25,226.52,2023-08-19
1608,1608,20,248.33,2024-08-01
1609,1609,33,92.59,2025-04-14
1610,1610,38,191.8,2025-09-09
1611,1611,48,210.23,2024-07-16
1612,1612,9,264.53,2026-01-26
1613,1613,20,31.4,2023-06-20
1614,1614,5,198.81,2025-02-21
1615,1615,4,182.6,2025-04-21
1616,1616,30,117.25,2023-11-25
1617,1617,16,39.6,2025-06-04
1618,1618,50,119.28,2025-11-01
1619,1619,19,172.73,2024-05-01
1620,1620,15,95.07,2025-05-19
1621,1621,34,94.44,2024-02-09
1622,1622,44,172.24,2023-04-03
1623,1623,26,81.88,2026-02-27
1624,1624,14,208.83,2023-07-21
1625,1625,2,185.59,2023-09-19
1626,1626,34,299.94,2023-06-08
1627,1627,48,246.79,2023-04-12
1628,1628,29,233.91,2023-05-21
1629,1629,48,81.21,2025-07-31
1630,1630,49,167.63,2026-01-28
1631,1631,15,242.35,2025-07-21
1632,1632,7,64.91,2024-04-19
1633,1633,3,66.69,2026-01-14
1634,1634,41,292.4,2025-10-27
1635,1635,50,264.28,2023-09-11
1636,1636,46,36.56,2024-11-25
1637,1637,40,271.56,2025-03-16
1638,1638,3,202.6,2026-01-20
1639,1639,44,177.34,2026-02-05
1640,1640,29,99.65,2026-01-18
1641,1641,47,125.21,2025-08-21
1642,1642,14,100.02,2025-09-28
1643,1643,28,64.34,2025-04-30
1644,1644,23,271.1,2024-06-14
1645,1645,17,260.99,2024-02-11
1646,1646,13,41.83,2026-01-02
1647,1647,41,66.25,2026-02-05
1648,1648,2,139.23,2025-11-03
1649,1649,4,278.34,2025-08-06
1650,1650,24,231.62,2025-07-16
1651,1651,19,124.63,2025-11-29
1652,1652,39,187.85,2025-01-23
1653,1653,13,296.99,2026-01-01
1654,1654,2,283.61,2024-11-04
1655,1655,8,246.63,2024-03-08
1656,1656,3,298.73,2024-01-24
1657,1657,41,69.99,2023-10-09
1658,1658,31,231.71,2024-03-11
1659,1659,10,154.71,2024-10-15
1660,1660,26,63.07,2024-08-27
1661,1661,34,126.89,2023-11-08
1662,1662,6,58.05,2025-08-20
1663,1663,18,55.19,2025-08-26
1664,1664,27,272.24,2024-11-22
1665,1665,42,164.52,2023-04-20
1666,1666,44,121.74,2025-10-29
1667,1667,20,243.51,2023-07-10
1668,1668,41,163.12,2025-06-21
1669,1669,6,193.6,2024-01-05
1670,1670,25,32.98,2024-10-07
1671,1671,30,162.15,2025-05-14
1672,1672,39,222.23,2026-02-11
1673,1673,7,36.41,2024-03-09
1674,1674,19,162.2,2024-09-06
1675,1675,49,246.67,2024-06-23
1676,1676,43,224.7,2025-07-01
1677,1677,37,99.48,2024-08-30
1678,1678,50,298.06,2023-06-13
1679,1679,36,31.24,2025-04-28
1680,1680,42,155.35,2024-04-15
1681,1681,47,82.86,2023-07-03
1682,1682,24,151.67,2023-07-07
1683,1683,48,255.52,2025-04-25
1684,1684,5,225.57,2024-12-24
1685,1685,1,237.95,2025-07-15
1686,1686,35,196.14,2025-05-31
1687,1687,34,159.61,2025-05-18
1688,1688,5,102.95,2025-12-02
1689,1689,23,136.2,2025-06-29
1690,1690,19,220.54,2025-10-23
1691,1691,42,258.08,2023-12-12
1692,1692,4,201.24,2023-09-19
1693,1693,15,53.92,2024-01-06
1694,1694,42,61.47,2025-11-12
1695,1695,45,145.62,2025-10-06
1696,1696,16,229.33,2024-07-24
1697,1697,50,296.76,2025-06-06
1698,1698,32,248.22,2024-04-02
1699,1699,20,155.16,2025-10-01
1700,1700,38,172.63,2025-02-13
1701,1701,20,39.04,2025-12-17
1702,1702,21,113.36,2025-10-11
1703,1703,8,51.9,2023-09-19
1704,1704,1,289.9,2025-10-10
1705,1705,34,141.69,2025-07-20
1706,1706,11,282.4,2023-07-10
1707,1707,21,194.96,2024-11-24
1708,1708,40,147.2,2023-09-13
1709,1709,25,181.1,2023-04-20
1710,1710,46,276.65,2023-06-09
1711,1711,33,147.13,2025-03-05
1712,1712,13,187.92,2025-05-20
1713,1713,31,50.32,2023-09-18
1714,1714,21,187.27,2024-07-16
1715,1715,33,62.14,2026-02-01
1716,1716,34,83.83,2023-10-23
1717,1717,4,167.27,2025-02-17
1718,1718,3,185.29,2026-03-03
1719,1719,24,196.68,2025-09-18
1720,1720,18,166.51,2024-03-01
1721,1721,27,217.27,2024-11-13
1722,1722,30,230.28,2023-09-22
1723,1723,6,138.77,2024-05-28
1724,1724,42,82.0,2025-08-29
1725,1725,4,130.63,2023-10-15
1726,1726,37,108.53,2023-07-14
1727,1727,25,267.11,2024-05-03
1728,1728,12,71.97,2024-06-30
1729,1729,18,76.03,2025-12-01
1730,1730,2,233.35,2023-12-12
1731,1731,10,180.0,2024-06-17
1732,1732,28,274.21,2024-12-16
1733,1733,23,87.51,2024-12-19
1734,1734,48,281.14,2024-10-02
1735,1735,9,89.91,2024-11-13
1736,1736,41,262.33,2024-02-19
1737,1737,47,137.89,2023-09-23
1738,1738,18,94.78,2023-11-17
1739,1739,35,250.2,2025-04-19
1740,1740,40,45.9,2024-03-24
1741,1741,43,217.61,2024-01-18
1742,1742,21,158.64,2023-12-26
1743,1743,5,44.99,2026-03-04
1744,1744,17,94.66,2024-01-12
1745,1745,30,70.52,2025-02-16
1746,1746,46,265.31,2025-01-09
1747,1747,20,44.78,2024-07-21
1748,1748,13,82.12,2025-07-06
1749,1749,44,95.69,2024-01-08
1750,1750,10,230.39,2024-10-17
1751,1751,10,240.2,2025-09-21
1752,1752,35,153.96,2023-09-20
1753,1753,30,151.74,2024-12-17
1754,1754,42,169.25,2025-07-16
1755,1755,27,277.32,2023-12-13
1756,1756,20,143.47,2026-01-27
1757,1757,13,193.0,2025-02-06
1758,1758,7,192.4,2025-11-06
1759,1759,43,115.65,2024-03-12
1760,1760,24,31.4,2024-09-27
1761,1761,27,263.73,2024-07-28
1762,1762,30,51.38,2023-12-09
1763,1763,9,173.69,2024-03-12
1764,1764,19,35.18,2024-05-28
1765,1765,4,125.96,2025-09-24
1766,1766,40,297.75,2025-11-13
1767,1767,10,263.18,2025-12-23
1768,1768,13,69.29,2023-10-08
1769,1769,41,168.52,2024-02-04
1770,1770,19,266.67,2024-05-13
1771,1771,33,82.11,2023-04-09
1772,1772,46,225.75,2025-11-14
1773,1773,39,250.16,2023-05-02
1774,1774,16,39.99,2023-06-19
1775,1775,40,215.45,2025-06-17
1776,1776,20,177.18,2025-01-21
1777,1777,14,87.27,2024-11-19
1778,1778,26,179.63,2025-03-05
1779,1779,10,157.13,2023-11-20
1780,1780,31,71.08,2023-06-20
1781,1781,39,285.05,2024-12-07
1782,1782,46,164.32,2023-09-19
1783,1783,29,231.48,2023-03-19
1784,1784,17,231.26,2025-09-06
1785,1785,22,288.59,2023-12-26
1786,1786,16,200.71,2023-11-23
1787,1787,37,211.74,2023-10-09
1788,1788,7,276.63,2023-04-27
1789,1789,39,160.11,2023-03-16
1790,1790,44,273.4,2023-12-17
1791,1791,50,33.9,2025-12-11
1792,1792,5,272.89,2023-12-30
1793,1793,28,96.78,2023-06-03
1794,1794,20,180.17,2025-07-31
1795,1795,12,279.99,2024-01-03
1796,1796,43,48.17,2025-01-09
1797,1797,10,171.12,2025-12-06
1798,1798,9,39.19,2025-03-12
1799,1799,49,123.28,2025-06-14
1800,1800,31,213.14,2023-12-29
1801,1801,22,79.03,2025-08-08
1802,1802,37,90.72,2025-03-26
1803,1803,38,191.16,2025-07-01
1804,1804,32,221.09,2023-05-29
1805,1805,38,40.49,2025-01-11
1806,1806,9,44.33,2025-04-15
1807,1807,19,65.33,2024-08-24
1808,1808,43,104.26,2024-08-28
1809,1809,17,230.34,2023-08-27
1810,1810,7,254.55,2025-10-28
1811,1811,18,178.24,2024-08-12
1812,1812,19,95.75,2024-10-08
1813,1813,27,48.76,2025-07-19
1814,1814,8,176.68,2025-10-19
1815,1815,42,89.14,2026-01-11
1816,1816,43,256.05,2023-08-04
1817,1817,47,287.76,2025-08-02
1818,1818,50,62.23,2024-03-11
1819,1819,36,206.5,2024-04-28
1820,1820,14,238.59,2023-08-28
1821,1821,38,272.83,2024-09-06
1822,1822,36,90.58,2024-05-23
1823,1823,28,65.73,2026-03-11
1824,1824,1,139.55,2025-04-05
1825,1825,13,203.16,2023-07-04
1826,1826,13,45.69,2024-09-12
1827,1827,23,204.69,2025-03-10
1828,1828,25,70.64,2026-01-04
1829,1829,12,252.18,2024-02-03
1830,1830,46,38.39,2025-05-29
1831,1831,50,297.48,2023-04-21
1832,1832,50,248.54,2024-10-25
1833,1833,38,219.86,2024-06-08
1834,1834,10,111.83,2023-07-26
1835,1835,28,278.28,2023-08-04
1836,1836,44,183.43,2023-12-17
1837,1837,30,201.88,2023-06-21
1838,1838,38,126.22,2023-12-06
1839,1839,6,297.85,2026-02-12
1840,1840,28,108.89,2024-06-08
1841,1841,37,292.86,2025-01-13
1842,1842,18,53.39,2024-07-02
1843,1843,36,123.02,2026-01-16
1844,1844,9,71.38,2025-09-15
1845,1845,43,257.75,2025-07-24
1846,1846,44,271.77,2024-02-02
1847,1847,9,99.5,2025-09-14
1848,1848,36,282.73,2025-04-27
1849,1849,18,122.27,2024-06-20
1850,1850,46,38.14,2023-07-30
1851,1851,48,229.98,2025-08-13
1852,1852,7,245.45,2025-06-29
1853,1853,38,45.94,2025-09-21
1854,1854,38,189.93,2024-10-16
1855,1855,32,103.66,2024-05-01
1856,1856,16,47.7,2023-10-01
1857,1857,38,79.07,2026-02-09
1858,1858,14,243.0,2023-05-11
1859,1859,46,298.68,2024-01-27
1860,1860,48,167.46,2023-06-05
1861,1861,19,274.31,2023-10-23
1862,1862,31,240.16,2025-03-21
1863,1863,17,253.9,2025-10-25
1864,1864,35,267.64,2025-09-20
1865,1865,22,273.86,2025-05-10
1866,1866,35,203.86,2025-08-21
1867,1867,42,145.33,2025-04-10
1868,1868,16,294.33,2026-02-27
1869,1869,18,233.8,2024-10-12
1870,1870,19,139.49,2023-11-12
1871,1871,46,173.32,2023-09-01
1872,1872,4,234.44,2025-06-23
1873,1873,41,170.66,2025-01-10
1874,1874,8,252.9,2023-07-27
1875,1875,1,207.44,2024-10-30
1876,1876,39,275.75,2024-09-02
1877,1877,5,279.01,2025-01-06
1878,1878,23,80.16,2024-06-10
1879,1879,18,278.52,2025-10-26
1880,1880,33,146.96,2023-11-09
1881,1881,31,186.71,2025-01-02
1882,1882,41,111.92,2025-02-12
1883,1883,5,74.47,2025-01-14
1884,1884,40,137.04,2025-04-17
1885,1885,41,200.35,2025-09-08
1886,1886,37,178.88,2024-08-21
1887,1887,2,49.8,2025-11-10
1888,1888,13,96.41,2025-05-01
1889,1889,7,131.33,2023-09-06
1890,1890,11,278.85,2026-03-10
1891,1891,26,148.56,2024-02-23
1892,1892,6,165.0,2025-04-06
1893,1893,43,69.5,2025-06-05
1894,1894,5,39.08,2025-07-04
1895,1895,34,180.17,2025-02-03
1896,1896,29,191.37,2023-09-08
1897,1897,14,42.79,2025-06-26
1898,1898,12,167.4,2026-02-15
1899,1899,44,52.65,2025-05-27
1900,1900,1,84.92,2024-08-31
1901,1901,23,91.18,2024-11-17
1902,1902,7,260.35,2025-11-14
1903,1903,19,299.15,2024-08-28
1904,1904,25,142.29,2025-04-05
1905,1905,46,263.73,2024-04-19
1906,1906,24,118.03,2025-01-11
1907,1907,23,256.58,2025-07-13
1908,1908,30,117.18,2024-05-11
1909,1909,45,278.07,2023-11-28
1910,1910,47,275.4,2025-05-19
1911,1911,11,182.55,2024-08-27
1912,1912,48,256.72,2026-01-14
1913,1913,11,217.25,2023-12-12
1914,1914,4,137.84,2024-01-27
1915,1915,16,72.66,2025-02-13
1916,1916,37,102.9,2024-01-19
1917,1917,18,87.91,2023-07-16
1918,1918,14,102.2,2024-02-23
1919,1919,16,206.32,2024-01-07
1920,1920,44,216.68,2024-08-23
1921,1921,13,53.27,2024-04-19
1922,1922,46,157.68,2024-04-11
1923,1923,10,110.35,2023-04-29
1924,1924,43,111.69,2024-12-18
1925,1925,4,45.98,2025-09-03
1926,1926,20,161.26,2023-04-15
1927,1927,48,125.73,2026-02-20
1928,1928,17,32.91,2025-08-31
1929,1929,43,161.68,2023-08-20
1930,1930,38,285.4,2024-06-25
1931,1931,41,129.27,2024-10-22
1932,1932,16,83.92,2025-09-02
1933,1933,43,247.92,2024-08-10
1934,1934,32,188.37,2025-01-30
1935,1935,23,270.02,2023-04-22
1936,1936,15,77.49,2023-05-24
1937,1937,42,245.37,2025-04-15
1938,1938,14,124.75,2025-05-03
1939,1939,18,97.21,2024-08-17
1940,1940,47,55.9,2024-02-27
1941,1941,35,69.71,2023-07-14
1942,1942,2,200.51,2023-10-21
1943,1943,37,263.49,2025-11-07
1944,1944,13,87.48,2023-12-15
1945,1945,5,164.19,2023-04-02
1946,1946,29,265.48,2023-09-18
1947,1947,39,288.27,2023-06-09
1948,1948,34,48.52,2025-02-05
1949,1949,25,161.25,2025-09-14
1950,1950,26,42.77,2024-11-25
1951,1951,49,68.65,2025-05-07
1952,1952,33,145.99,2025-08-05
1953,1953,2,150.77,2024-07-11
1954,1954,9,176.11,2023-12-27
1955,1955,42,239.32,2026-01-22
1956,1956,44,149.23,2026-01-25
1957,1957,29,130.09,2025-08-12
1958,1958,5,94.28,2024-12-01
1959,1959,24,163.07,2024-12-23
1960,1960,8,201.36,2025-02-24
1961,1961,26,214.71,2023-12-04
1962,1962,26,50.15,2025-10-20
1963,1963,39,290.23,2024-01-24
1964,1964,12,243.25,2024-05-01
1965,1965,33,131.76,2024-08-28
1966,1966,42,205.64,2025-09-28
1967,1967,31,167.62,2023-05-23
1968,1968,10,55.07,2025-08-17
1969,1969,2,171.76,2024-01-29
1970,1970,2,52.76,2025-01-14
1971,1971,14,201.78,2026-01-14
1972,1972,11,74.1,2023-11-03
1973,1973,8,261.01,2024-02-16
1974,1974,25,229.43,2023-09-05
1975,1975,39,155.62,2025-02-26
1976,1976,30,207.3,2025-05-27
1977,1977,24,278.71,2025-08-24
1978,1978,11,203.16,2024-09-01
1979,1979,13,85.65,2024-04-26
1980,1980,33,114.24,2025-05-31
1981,1981,16,239.3,2025-07-04
1982,1982,26,261.67,2025-04-25
1983,1983,2,30.92,2024-11-04
1984,1984,13,203.27,2024-10-29
1985,1985,3,218.2,2024-06-15
1986,1986,42,163.58,2023-11-02
1987,1987,11,60.14,2025-07-19
1988,1988,26,285.78,2024-10-24
1989,1989,12,266.74,2025-02-23
1990,1990,13,169.88,2026-01-29
1991,1991,10,234.26,2025-01-14
1992,1992,2,181.64,2025-03-25
1993,1993,18,75.63,2023-10-11
1994,1994,34,170.12,2023-06-05
1995,1995,16,252.43,2025-08-22
1996,1996,5,193.93,2025-04-10
1997,1997,14,57.02,2024-06-18
1998,1998,13,32.13,2025-07-05
1999,1999,29,214.52,2025-07-21
2000,2000,27,249.18,2025-08-22
